id,receive_time
0,1687781811.3726828
1,1687781817.488273
2,1687781823.6447923
3,1687781829.7471
4,1687781835.8784735
5,1687781841.9932997
6,1687781848.129728
7,1687781854.241801
8,1687781859.3879063
9,1687781865.5037062
10,1687781871.6378784
11,1687781877.7631938
12,1687781883.90082
13,1687781890.1329808
14,1687781896.1717591
15,1687781902.3110037
16,1687781908.4367418
17,1687781914.5817199
18,1687781920.7035246
19,1687781926.8453846
20,1687781932.9677794
21,1687781939.1098728
22,1687781945.2583766
23,0.0
24,0.0
25,0.0
26,0.0
27,0.0
28,0.0
29,0.0
30,0.0
31,0.0
32,0.0
33,0.0
34,0.0
35,0.0
36,0.0
37,0.0
38,0.0
39,0.0
40,0.0
41,0.0
42,0.0
43,0.0
44,0.0
45,0.0
46,0.0
47,0.0
48,0.0
49,0.0
50,0.0
51,0.0
52,0.0
53,0.0
54,0.0
55,0.0
56,0.0
57,0.0
58,0.0
59,0.0
60,1687781951.6310737
61,1687781735.5412319
62,0.0
63,0.0
64,0.0
65,0.0
66,1687781957.8267438
67,1687781741.6605945
68,0.0
69,0.0
70,0.0
71,0.0
72,0.0
73,0.0
74,0.0
75,0.0
76,0.0
77,0.0
78,0.0
79,0.0
80,0.0
81,0.0
82,0.0
83,0.0
84,0.0
85,0.0
86,0.0
87,0.0
88,0.0
89,0.0
90,0.0
91,0.0
92,0.0
93,0.0
94,0.0
95,0.0
96,0.0
97,0.0
98,0.0
99,0.0
